mean_absolute_error,mean_squared_error,mean_squared_log_error,median_absolute_error,r2_score,explained_variance
1798.6875486617532,8086618.5041623143,2.0239850496165794,1146.0942277104978,0.75940121063082122,0.76143180965628277